{
    "algo_name": "Bat alhorithm",
    "current_iter": 20,
    "best_val": Infinity,
    "population": [
        [
            -0.910008640405584,
            -1.008833478016332
        ],
        [
            -1.7091177509479647,
            -0.700995760124612
        ],
        [
            -1.4940938629885574,
            -0.25113135064959735
        ],
        [
            1.532169355109211,
            0.40500343137616657
        ],
        [
            -1.544292477103768,
            -1.1035508475767668
        ],
        [
            -0.41598119569122716,
            0.629532456201328
        ],
        [
            0.9250508200336531,
            -0.2877507265067831
        ],
        [
            1.3585312541534553,
            -0.21871899896140734
        ],
        [
            1.511858723150766,
            0.2960415592123322
        ],
        [
            -1.0315114872201008,
            1.0731159175994156
        ],
        [
            1.2440819531189735,
            0.05505088718951523
        ],
        [
            1.634070821756099,
            -1.5974518627260994
        ],
        [
            -1.584955960787589,
            0.5140054260248124
        ],
        [
            0.10094044170748662,
            -1.4607784236126657
        ],
        [
            -1.178311125825751,
            1.3887771555636181
        ],
        [
            -1.2321012151212858,
            -0.53637539797931
        ],
        [
            0.7821181847954755,
            1.833151213485253
        ],
        [
            0.264454987846912,
            -1.5540285713771653
        ],
        [
            0.4070299645565174,
            1.5675905560799994
        ],
        [
            -0.5221536971022798,
            -1.3011875931613552
        ],
        [
            1.6449020362538218,
            1.4321644933288296
        ],
        [
            1.4862335148737493,
            -1.8508548242420249
        ],
        [
            -0.21637196194770913,
            -1.4126343080719335
        ],
        [
            1.0898851944973882,
            1.5287286508407734
        ],
        [
            0.25118493994820934,
            1.220484491862083
        ],
        [
            1.6736009256679143,
            1.6464841770051435
        ],
        [
            1.57175273546162,
            -1.5527587351863614
        ],
        [
            1.7295453433562828,
            -1.4538985982934842
        ],
        [
            1.9243776661938896,
            -0.21587144596739538
        ],
        [
            -0.026389960591521877,
            0.059490995752849773
        ]
    ]
}